{"_step":0,"_timestamp":1.7657742057553139e+09,"iter":0,"val/loss":11.115052223205566,"_runtime":21,"lr":2.998500749625187e-07,"mfu":-100,"_wandb":{"runtime":21},"train/loss":11.162808418273926}